{
  "precision": 0.7527010804321729,
  "recall": 0.606823130897653,
  "f1": 0.6719356999330207,
  "roc_auc": 0.9512952606169497,
  "pr_auc": 0.7096281136939444
}